timestamp,X,Y,Z
1764070206970,0.019441,0.174913,0.735814
1764070206980,0.02897,0.215246,0.716739
1764070206990,0.029496,0.304009,0.704312
1764070207000,-0.029767,0.393437,0.649567
1764070207010,-0.105018,0.358066,0.633354
1764070207020,-0.068908,0.209398,0.709101
1764070207030,0.09687,0.125181,0.821441
1764070207040,0.322995,0.044206,0.91572
1764070207050,0.549141,-0.050668,0.955526
1764070207060,0.714443,-0.124613,0.94033
1764070207070,0.782656,-0.156313,0.904111
1764070207080,0.762341,-0.128492,0.848216
1764070207090,0.660038,-0.067223,0.778286
1764070207100,0.51698,0.021666,0.706662
1764070207110,0.376754,0.093275,0.64868
1764070207120,0.257838,0.194212,0.606505
1764070207130,0.150228,0.251786,0.59277
1764070207140,0.037356,0.265424,0.588348
1764070207150,-0.081445,0.253009,0.610967
1764070207160,-0.170132,0.262533,0.666029
1764070207170,-0.209418,0.263279,0.73562
1764070207180,-0.20666,0.237059,0.809213
1764070207190,-0.154516,0.234486,0.859539
1764070207200,-0.081054,0.218619,0.878986
1764070207210,-0.010766,0.175553,0.881982
1764070207220,0.039696,0.162714,0.865218
1764070207230,0.055318,0.152668,0.816825
1764070207240,0.025674,0.142226,0.761717
1764070207250,-0.047203,0.14405,0.713597
1764070207260,-0.145066,0.147372,0.690165
1764070207270,-0.223761,0.138262,0.67538
1764070207280,-0.255739,0.143683,0.662224
1764070207290,-0.239663,0.148049,0.657007
1764070207300,-0.191976,0.121166,0.669986
1764070207310,-0.131868,0.125526,0.705019
1764070207320,-0.073507,0.158293,0.767036
1764070207330,-0.026579,0.149888,0.837795
1764070207340,0.006681,0.100312,0.888631
1764070207350,0.037653,0.066565,0.923837
1764070207360,0.062768,0.042599,0.950831
1764070207370,0.069273,0.031366,0.991861
1764070207380,0.054557,0.020251,1.004478
1764070207390,0.02485,-0.010019,0.942822
1764070207400,-0.005138,-0.009226,0.824352
1764070207410,-0.027515,0.041369,0.706696
1764070207420,-0.057715,0.112215,0.641121
1764070207430,-0.088128,0.138406,0.627037
1764070207440,-0.120561,0.109484,0.621989
1764070207450,-0.137485,0.05458,0.614574
1764070207460,-0.154113,-0.01426,0.596692
1764070207470,-0.167896,-0.095576,0.566873
1764070207480,-0.169489,-0.165543,0.520035
1764070207490,-0.156121,-0.232176,0.450796
1764070207500,-0.122592,-0.263144,0.357699
1764070207510,-0.081916,-0.24949,0.265251
1764070207520,-0.064917,-0.211474,0.183828
1764070207530,-0.083026,-0.16322,0.112066
1764070207540,-0.115028,-0.10855,0.061209
1764070207550,-0.138922,-0.068053,0.034298
1764070207560,-0.141477,-0.054375,0.034722
1764070207570,-0.121769,-0.053582,0.054736
1764070207580,-0.097705,-0.06768,0.085025
1764070207590,-0.068984,-0.08846,0.11451
1764070207600,-0.042904,-0.100451,0.133294
1764070207610,-0.021532,-0.107626,0.138765
1764070207620,-0.002707,-0.104696,0.131477
1764070207630,0.018572,-0.095643,0.107585
1764070207640,0.04007,-0.087755,0.072224
1764070207650,0.052816,-0.076655,0.030969
1764070207660,0.05994,-0.076358,-0.006897
1764070207670,0.067126,-0.063525,-0.044982
1764070207680,0.078185,-0.042063,-0.091765
1764070207690,0.094301,-0.010054,-0.139331
1764070207700,0.105702,0.025778,-0.186247
1764070207710,0.109823,0.034262,-0.222596
1764070207720,0.108928,-0.010767,-0.252721
1764070207730,0.106457,-0.076849,-0.277427
1764070207740,0.105135,-0.116723,-0.31761
1764070207750,0.106799,-0.098833,-0.373188
1764070207760,0.107185,-0.05721,-0.439265
1764070207770,0.111155,-0.030895,-0.500499
1764070207780,0.120728,-0.029633,-0.549942
1764070207790,0.12831,-0.048051,-0.591614
1764070207800,0.140046,-0.084385,-0.62562
1764070207810,0.15473,-0.121951,-0.642689
1764070207819,0.164553,-0.120421,-0.647515
1764070207829,0.159552,-0.094934,-0.632267
1764070207839,0.13813,-0.084075,-0.595813
1764070207849,0.106674,-0.055388,-0.549821
1764070207859,0.072821,-0.020045,-0.503923
1764070207869,0.039506,-0.016009,-0.469806
1764070207879,0.013427,-0.053384,-0.445583
1764070207889,-0.002586,-0.064467,-0.437082
1764070207899,-0.000697,-0.045307,-0.414662
1764070207909,0.00981,-0.043714,-0.34996
1764070207919,0.016934,-0.067543,-0.259461
1764070207929,0.012893,-0.069175,-0.165617
1764070207939,0.004194,-0.061006,-0.076678
1764070207949,-0.013416,-0.075018,-0.007101
1764070207959,-0.044913,-0.087903,0.013755
1764070207969,-0.074472,-0.085862,-0.009167
1764070207979,-0.093382,-0.077384,-0.071978
1764070207989,-0.083466,-0.067057,-0.166448
1764070207999,-0.043739,-0.052028,-0.269852
1764070208009,0.006016,-0.052151,-0.360261
1764070208019,0.049262,-0.058877,-0.413397
1764070208029,0.064656,-0.080562,-0.433422
1764070208039,0.055513,-0.09755,-0.4388
1764070208049,0.032832,-0.082572,-0.442936
1764070208059,0.009349,-0.043139,-0.434445
1764070208069,-0.006879,-0.031429,-0.408129
1764070208079,-0.004809,-0.024135,-0.388198
1764070208089,0.008374,0.014988,-0.382686
1764070208099,0.024233,0.043742,-0.390938
1764070208109,0.03126,0.043394,-0.421823
1764070208119,0.037006,0.044414,-0.478469
1764070208129,0.057775,0.035092,-0.540093
1764070208139,0.093766,0.000954,-0.595375
1764070208149,0.14343,-0.008812,-0.65832
1764070208159,0.171479,-0.024389,-0.712519
1764070208169,0.170416,-0.051392,-0.760327
1764070208179,0.134466,-0.079039,-0.790765
1764070208189,0.076612,-0.103661,-0.807008
1764070208199,0.016444,-0.104976,-0.80952
1764070208209,-0.018501,-0.090364,-0.803252
1764070208219,-0.023925,-0.06334,-0.791636
1764070208229,0.002173,-0.017253,-0.769585
1764070208239,0.045904,0.038358,-0.737349
1764070208249,0.082356,0.063806,-0.70099
1764070208259,0.111169,0.098684,-0.670425
1764070208269,0.13549,0.132844,-0.638392
1764070208279,0.160382,0.144745,-0.612878
1764070208289,0.179498,0.15382,-0.608475
1764070208299,0.196846,0.174898,-0.632544
1764070208309,0.207288,0.19647,-0.673029
1764070208319,0.215435,0.215737,-0.714927
1764070208329,0.217994,0.222661,-0.749309
1764070208339,0.219293,0.218085,-0.793334
1764070208349,0.228779,0.172716,-0.818194
1764070208359,0.241344,0.067461,-0.815897
1764070208369,0.256359,-0.03088,-0.796631
1764070208379,0.248894,-0.114322,-0.780109
1764070208389,0.211158,-0.151838,-0.774356
1764070208399,0.138938,-0.134178,-0.766149
1764070208409,0.052346,-0.060633,-0.759961
1764070208419,-0.012246,0.048866,-0.762632
1764070208429,-0.030121,0.130465,-0.763473
1764070208439,0.001225,0.162803,-0.775865
1764070208449,0.065538,0.155551,-0.806296
1764070208459,0.127539,0.117942,-0.831263
1764070208469,0.164621,0.036714,-0.849648
1764070208479,0.16548,-0.065266,-0.858827
1764070208489,0.140886,-0.127458,-0.845011
1764070208499,0.110134,-0.1298,-0.800545
1764070208509,0.073708,-0.127198,-0.749532
1764070208519,0.034057,-0.133607,-0.714609
1764070208529,0.010825,-0.1356,-0.698271
1764070208539,0.008029,-0.116866,-0.678136
1764070208549,-0.007775,-0.080792,-0.648684
1764070208559,-0.030036,-0.006303,-0.63235
1764070208569,-0.056656,0.112226,-0.61102
1764070208579,-0.082912,0.233623,-0.578224
1764070208589,-0.122185,0.322211,-0.54061
1764070208599,-0.166086,0.340813,-0.49358
1764070208609,-0.193892,0.275988,-0.459213
1764070208619,-0.199374,0.255201,-0.450498
1764070208629,-0.173281,0.21687,-0.481239
1764070208639,-0.112084,0.134305,-0.518573
1764070208649,-0.059697,0.064472,-0.554544
1764070208659,-0.043777,0.036321,-0.586294
1764070208669,-0.058114,0.047039,-0.642859
1764070208679,-0.083061,0.104879,-0.707001
1764070208689,-0.098052,0.143483,-0.74957
1764070208699,-0.087672,0.142412,-0.751905
1764070208709,-0.052038,0.08018,-0.716837
1764070208719,-0.011871,-0.027901,-0.690395
1764070208729,0.0181,-0.114167,-0.687085
1764070208739,0.029564,-0.14764,-0.721563
1764070208749,0.014819,-0.10983,-0.785256
1764070208759,-0.01306,0.0043,-0.870661
1764070208769,-0.017101,0.122515,-0.941912
1764070208779,0.00615,0.190311,-1.009732
1764070208789,0.048734,0.226926,-1.072478
1764070208799,0.095538,0.229604,-1.122991
1764070208809,0.13666,0.231162,-1.153161
1764070208819,0.167207,0.238034,-1.173376
1764070208829,0.193598,0.20648,-1.181507
1764070208839,0.211906,0.107594,-1.18437
1764070208849,0.203805,-0.01276,-1.18661
1764070208859,0.168681,-0.111291,-1.192824
1764070208869,0.106714,-0.172148,-1.211096
1764070208879,0.045302,-0.185352,-1.238924
1764070208889,-0.010528,-0.14192,-1.244395
1764070208899,-0.047715,-0.100927,-1.175608
1764070208909,-0.049833,0.032673,-1.085395
1764070208919,-0.032162,0.042713,-1.008416
1764070208929,0.018411,0.025532,-0.983479
1764070208939,0.087765,0.028026,-0.974953
1764070208949,0.143194,0.030257,-0.973848
1764070208959,0.159216,0.051499,-1.001435
1764070208969,0.136061,0.040489,-1.075764
1764070208979,0.095766,-0.02327,-1.167837
1764070208989,0.065797,-0.100702,-1.24592
1764070208999,0.043092,-0.163825,-1.291254
1764070209009,0.006879,-0.197558,-1.300468
1764070209019,-0.050773,-0.172459,-1.288131
1764070209029,-0.120212,-0.064843,-1.262564
1764070209039,-0.178673,0.028145,-1.206154
1764070209048,-0.190437,0.12094,-1.119331
1764070209058,-0.150415,0.178044,-1.00762
1764070209068,-0.08361,0.188876,-0.912095
1764070209078,-0.019411,0.15674,-0.867807
1764070209088,0.021285,0.104438,-0.902587
1764070209098,0.050346,0.001934,-0.990296
1764070209108,0.074044,-0.152349,-1.086982
1764070209118,0.0809,-0.242517,-1.173292
1764070209128,0.077954,-0.289856,-1.229875
1764070209138,0.072251,-0.282769,-1.219288
1764070209148,0.042702,-0.191549,-1.150677
1764070209158,-0.027176,-0.068362,-1.094914
1764070209168,-0.124689,0.006575,-1.096799
1764070209178,-0.225878,0.05086,-1.143343
1764070209188,-0.297663,0.087489,-1.211097
1764070209198,-0.29879,0.069114,-1.272766
1764070209208,-0.205969,-0.035597,-1.294097
1764070209218,-0.046271,-0.169361,-1.265648
1764070209228,0.12391,-0.288859,-1.217107
1764070209238,0.249026,-0.349593,-1.175644
1764070209248,0.28955,-0.328114,-1.145253
1764070209258,0.236612,-0.224622,-1.133218
1764070209268,0.105055,-0.087539,-1.129832
1764070209278,-0.043276,-0.01285,-1.131144
1764070209288,-0.165799,-0.025054,-1.147697
1764070209298,-0.228084,-0.088246,-1.199984
1764070209308,-0.214385,-0.165924,-1.265185
1764070209318,-0.147993,-0.239828,-1.309461
1764070209328,-0.057,-0.277586,-1.309744
1764070209338,0.019587,-0.236688,-1.251911
1764070209348,0.034397,-0.142213,-1.166765
1764070209358,-0.000913,-0.075754,-1.084933
1764070209368,-0.074194,-0.025395,-1.024636
1764070209378,-0.164578,0.01745,-1.009769
1764070209388,-0.245649,0.025328,-1.044043
1764070209398,-0.281913,-0.010313,-1.087194
1764070209408,-0.269391,-0.028504,-1.09817
1764070209418,-0.207648,-0.012815,-1.065631
1764070209428,-0.106532,0.047199,-0.991463
1764070209438,0.027073,0.167578,-0.926051
1764070209448,0.143053,0.354906,-0.891231
1764070209458,0.194259,0.558829,-0.895385
1764070209468,0.170083,0.587364,-0.907937
1764070209478,0.083428,0.378144,-0.911367
1764070209488,-0.02383,0.115482,-0.911333
1764070209498,-0.105512,-0.014315,-0.906149
1764070209508,-0.133886,-0.02487,-0.907472
1764070209518,-0.086699,-0.041526,-0.904732
1764070209528,0.008234,-0.054257,-0.899276
1764070209538,0.083931,-0.020731,-0.901073
1764070209548,0.095402,0.055791,-0.914715
1764070209558,0.039927,0.145594,-0.926659
1764070209568,-0.040866,0.217314,-0.922586
1764070209578,-0.109535,0.231948,-0.889473
1764070209588,-0.130234,0.192595,-0.835248
1764070209598,-0.050084,0.18671,-0.78484
1764070209608,0.160474,0.169683,-0.756573
1764070209618,0.346122,-0.144879,-0.72266
1764070209628,0.359223,-0.507495,-0.709584
1764070209638,0.255278,-0.538709,-0.727685
1764070209648,0.115637,-0.355723,-0.748166
1764070209658,-0.034059,-0.199371,-0.751084
1764070209668,-0.175154,-0.142433,-0.721885
1764070209678,-0.300606,-0.150327,-0.696431
1764070209688,-0.326183,-0.065127,-0.783635
1764070209698,-0.170087,0.080704,-0.979115
1764070209708,0.047716,-0.033787,-1.057713
1764070209718,0.24599,-0.24346,-1.000964
1764070209728,0.41956,-0.29619,-0.922881
1764070209738,0.514324,-0.318769,-0.865239
1764070209748,0.519014,-0.332743,-0.847736
1764070209758,0.444331,-0.301485,-0.876192
1764070209768,0.310377,-0.240244,-0.921926
1764070209778,0.156341,-0.234571,-0.926428
1764070209788,0.027962,-0.22433,-0.913044
1764070209798,-0.063334,-0.229807,-0.933223
1764070209808,-0.111243,-0.260783,-0.958656
1764070209818,-0.097826,-0.262969,-0.965299
1764070209828,-0.052828,-0.211326,-0.969801
1764070209838,-0.008373,-0.163217,-1.025611
1764070209848,-0.015642,-0.188973,-1.099766
1764070209858,-0.073459,-0.181137,-1.119445
1764070209868,-0.17485,-0.138328,-1.128491
1764070209878,-0.304096,-0.206083,-1.144167
1764070209888,-0.425473,-0.264473,-1.141713
1764070209898,-0.528219,-0.247122,-1.163853
1764070209908,-0.60504,-0.140463,-1.209399
1764070209918,-0.621402,0.045815,-1.260929
1764070209928,-0.569635,0.267662,-1.303902
1764070209938,-0.447475,0.407609,-1.309266
1764070209948,-0.324613,0.345948,-1.274475
1764070209958,-0.248599,0.183636,-1.234203
1764070209968,-0.210381,0.021227,-1.218036
1764070209978,-0.178429,-0.145292,-1.214593
1764070209988,-0.182271,-0.32675,-1.226863
1764070209998,-0.20338,-0.32668,-1.275711
1764070210008,-0.208661,-0.241145,-1.312886
1764070210018,-0.176148,-0.227716,-1.312822
1764070210028,-0.099061,-0.340563,-1.26563
1764070210038,0.031088,-0.481699,-1.120173
1764070210048,0.164232,-0.52791,-0.865268
1764070210058,0.218172,-0.41517,-0.626544
1764070210068,0.178508,-0.182419,-0.564541
1764070210078,0.094134,0.099268,-0.66389
1764070210088,0.028158,0.369972,-0.816102
1764070210098,0.040539,0.531327,-0.95058
1764070210108,0.114547,0.478471,-1.052116
1764070210118,0.188012,0.220675,-1.089457
1764070210128,0.241935,-0.119982,-1.063397
1764070210138,0.286523,-0.361786,-0.963127
1764070210148,0.310785,-0.449779,-0.843109
1764070210158,0.286161,-0.41531,-0.739306
1764070210168,0.207082,-0.340777,-0.637877
1764070210178,0.10648,-0.177664,-0.567991
1764070210188,0.020291,0.050281,-0.591921
1764070210198,-0.048834,0.355631,-0.700052
1764070210208,-0.07911,0.754437,-0.819964
1764070210218,-0.095556,1.092183,-0.978699
1764070210228,-0.118068,1.234906,-1.147216
1764070210238,-0.119633,1.06823,-1.240927
1764070210248,-0.114576,0.497867,-1.153444
1764070210258,-0.133558,-0.162861,-0.898776
1764070210267,-0.188176,-0.560953,-0.699213
1764070210277,-0.211487,-0.580958,-0.667607
1764070210287,-0.179465,-0.357433,-0.730878
1764070210297,-0.076505,0.026485,-0.804364
1764070210307,0.08779,0.503719,-0.901819
1764070210317,0.280826,0.961411,-1.044504
1764070210327,0.473188,1.185142,-1.207097
1764070210337,0.569286,0.952919,-1.276208
1764070210347,0.45322,0.462282,-1.196895
1764070210357,0.224596,0.007308,-1.051397
1764070210367,-0.015453,-0.426749,-0.949552
1764070210377,-0.214111,-0.774738,-0.906914
1764070210387,-0.314794,-0.839515,-0.929253
1764070210397,-0.278436,-0.641957,-1.05208
1764070210407,-0.14225,-0.318852,-1.176638
1764070210417,0.02864,-0.118069,-1.256512
1764070210427,0.126204,-0.007039,-1.280439
1764070210437,0.16261,0.079989,-1.280399
1764070210447,0.086718,0.056526,-1.290036
1764070210457,-0.108066,0.018983,-1.258456
1764070210467,-0.361938,0.044056,-1.150398
1764070210477,-0.448112,-0.091822,-1.009542
1764070210487,-0.381186,-0.257452,-0.85412
1764070210497,-0.289237,-0.233497,-0.772471
1764070210507,-0.221637,-0.083527,-0.752835
1764070210517,-0.175965,0.085617,-0.755055
1764070210527,-0.166485,0.039684,-0.734486
1764070210537,-0.210423,-0.162782,-0.685325
1764070210547,-0.262045,-0.325166,-0.628482
1764070210557,-0.285417,-0.346064,-0.61289
1764070210567,-0.302927,-0.248223,-0.658605
1764070210577,-0.320546,-0.048256,-0.737542
1764070210587,-0.324795,0.127947,-0.81135
1764070210597,-0.300876,0.213896,-0.850157
1764070210607,-0.269185,0.216719,-0.909815
1764070210617,-0.211824,0.198025,-0.930666
1764070210627,-0.139929,0.102438,-0.872184
1764070210637,-0.110671,-0.085083,-0.774157
1764070210647,-0.10495,-0.244488,-0.650877
1764070210657,-0.043035,-0.281406,-0.562965
1764070210667,0.027292,-0.193527,-0.575161
1764070210677,0.018675,-0.101873,-0.630787
1764070210687,-0.019674,-0.027051,-0.673239
1764070210697,-0.041253,0.093389,-0.707173
1764070210707,-0.020405,0.197921,-0.763637
1764070210717,0.066634,0.334182,-0.812265
1764070210727,0.155398,0.415778,-0.847261
1764070210737,0.192355,0.334588,-0.86867
1764070210747,0.217269,0.152633,-0.851826
1764070210757,0.238332,-0.004369,-0.855763
1764070210767,0.243889,-0.063205,-0.913443
1764070210777,0.227178,-0.076739,-0.989637
1764070210787,0.233279,-0.08755,-1.00975
1764070210797,0.282877,-0.081469,-1.015198
1764070210807,0.2712,-0.114088,-0.976389
1764070210817,0.227875,-0.162279,-0.910665
1764070210827,0.211397,-0.218229,-0.834984
1764070210837,0.235553,-0.251465,-0.727953
1764070210847,0.228308,-0.228338,-0.610463
1764070210857,0.183626,-0.158576,-0.485779
1764070210867,0.136527,-0.075181,-0.378705
1764070210877,0.117873,0.018348,-0.360238
1764070210887,0.113091,0.093606,-0.378361
1764070210897,0.097547,0.08333,-0.380732
1764070210907,0.071937,0.020552,-0.377638
1764070210917,0.046141,-0.014786,-0.406736
1764070210927,0.010419,0.010924,-0.460712
1764070210937,-0.020471,0.054737,-0.50241
1764070210947,-0.041842,0.092247,-0.51183
1764070210957,-0.059375,0.107894,-0.525068
1764070210967,-0.056058,0.046539,-0.534829
1764070210977,-0.036853,-0.012124,-0.546815
1764070210987,-0.016513,-0.031946,-0.53871
1764070210997,-0.003132,-0.065392,-0.516883
1764070211007,-0.001243,-0.073502,-0.497549
1764070211017,-0.009664,-0.065603,-0.471136
1764070211027,-0.031042,-0.058385,-0.471667
1764070211037,-0.010133,-0.008561,-0.44005
1764070211047,0.042641,-0.03623,-0.343984
1764070211057,0.042556,-0.145067,-0.25523
1764070211067,0.01771,-0.134649,-0.215933
1764070211077,0.018953,0.02475,-0.236258
1764070211087,0.029819,0.135544,-0.278452
1764070211097,0.022008,0.111627,-0.291615
1764070211107,-0.002025,0.099992,-0.285355
1764070211117,-0.049246,0.113274,-0.301272
1764070211127,-0.094263,0.158826,-0.346687
1764070211137,-0.096357,0.224701,-0.398291
1764070211147,-0.072147,0.219899,-0.449377
1764070211157,-0.022394,0.201581,-0.471618
1764070211167,0.045961,0.232568,-0.478676
1764070211177,0.090312,0.305826,-0.486923
1764070211187,0.09482,0.355694,-0.474088
1764070211197,0.078585,0.233501,-0.379593
1764070211207,0.037083,0.04246,-0.298488
1764070211217,0.000832,-0.030912,-0.301919
1764070211227,-0.054845,-0.04394,-0.322482
1764070211237,-0.116849,-0.056227,-0.326872
1764070211247,-0.178793,-0.051989,-0.343528
1764070211257,-0.238365,-0.004873,-0.389806
1764070211267,-0.291267,0.136684,-0.447599
1764070211277,-0.330605,0.269267,-0.50253
1764070211287,-0.291694,0.299452,-0.487168
1764070211297,-0.19475,0.229043,-0.434948
1764070211307,-0.111142,0.150726,-0.368991
1764070211317,-0.070809,0.102441,-0.327818
1764070211327,-0.086069,0.072599,-0.298935
1764070211337,-0.123274,0.084147,-0.274803
1764070211347,-0.171498,0.095261,-0.234497
1764070211357,-0.209236,0.09308,-0.202112
1764070211367,-0.240489,0.088838,-0.185488
1764070211377,-0.263527,0.115837,-0.191303
1764070211387,-0.267655,0.172906,-0.235029
1764070211397,-0.270532,0.215723,-0.312723
1764070211407,-0.275763,0.265848,-0.392308
1764070211417,-0.302376,0.303759,-0.448529
1764070211427,-0.299586,0.331627,-0.472317
1764070211437,-0.255283,0.334706,-0.45111
1764070211447,-0.182384,0.341865,-0.408613
1764070211457,-0.083057,0.323821,-0.347801
1764070211467,0.020582,0.261268,-0.278838
1764070211477,0.111095,0.1972,-0.226058
1764070211486,0.146993,0.169542,-0.203518
1764070211496,0.133764,0.181934,-0.201961
1764070211506,0.114286,0.158136,-0.215717
1764070211516,0.083743,0.06494,-0.225203
1764070211526,0.041639,0.00669,-0.234746
1764070211536,-0.0055,-0.004186,-0.260326
1764070211546,-0.015697,0.026315,-0.269682
1764070211556,0.01821,0.083977,-0.26254
1764070211566,0.034906,0.12125,-0.23795
1764070211576,0.00503,0.157673,-0.2066
1764070211586,-0.028912,0.194037,-0.205079
1764070211596,-0.043815,0.165166,-0.191782
1764070211606,0.003815,0.077964,-0.161333
1764070211616,0.051059,-0.01408,-0.142561
1764070211626,0.061973,-0.069709,-0.135368
1764070211636,0.049071,-0.053452,-0.133271
1764070211646,0.025762,-0.007022,-0.114235
1764070211656,0.014205,0.05024,-0.09346
1764070211666,0.017566,0.07414,-0.089306
1764070211676,0.05672,0.076488,-0.103916
1764070211686,0.127284,0.064166,-0.091837
1764070211696,0.183574,0.032655,-0.073986
1764070211706,0.207442,0.027931,-0.091262
1764070211716,0.211086,0.075119,-0.112219
1764070211726,0.17549,0.111745,-0.122769
1764070211736,0.150171,0.129722,-0.144622
1764070211746,0.150303,0.14421,-0.166592
1764070211756,0.190294,0.145487,-0.166836
1764070211766,0.247336,0.15921,-0.1739
1764070211776,0.287553,0.156797,-0.173618
1764070211786,0.303486,0.118372,-0.178788
1764070211796,0.289415,0.097372,-0.169867
1764070211806,0.245701,0.091743,-0.172905
1764070211816,0.203285,0.085504,-0.197236
1764070211826,0.175796,0.086314,-0.207963
1764070211836,0.162187,0.11481,-0.205196
1764070211846,0.169077,0.16888,-0.21063
1764070211856,0.188336,0.210962,-0.211602
1764070211866,0.196893,0.204593,-0.202231
1764070211876,0.191472,0.151169,-0.205352
1764070211886,0.162744,0.104409,-0.2268
1764070211896,0.112615,0.089982,-0.247517
1764070211906,0.030883,0.071372,-0.265207
1764070211916,-0.060043,0.070567,-0.274174
1764070211926,-0.145358,0.06312,-0.266229
1764070211936,-0.187042,0.085922,-0.261757
1764070211946,-0.181815,0.146169,-0.253378
1764070211956,-0.149558,0.214408,-0.219039
1764070211966,-0.097343,0.244387,-0.189008
1764070211976,-0.041145,0.274375,-0.197324
1764070211986,-0.018102,0.263935,-0.222608
1764070211996,-0.033471,0.234599,-0.27364
1764070212006,-0.076542,0.210319,-0.352483
1764070212016,-0.155344,0.162617,-0.393276
1764070212026,-0.247667,0.115874,-0.463014
1764070212036,-0.303274,0.114828,-0.48936
1764070212046,-0.289429,0.137157,-0.458529
1764070212056,-0.232019,0.17365,-0.413707
1764070212066,-0.167922,0.190777,-0.383233
1764070212076,-0.131684,0.186427,-0.375541
1764070212086,-0.119133,0.238385,-0.421701
1764070212096,-0.123639,0.326755,-0.491695
1764070212106,-0.153858,0.384283,-0.564501
1764070212116,-0.152712,0.430405,-0.591312
1764070212126,-0.126244,0.41041,-0.607665
1764070212136,-0.093028,0.36772,-0.625907
1764070212146,-0.068438,0.366013,-0.626313
1764070212156,-0.057723,0.428904,-0.643068
1764070212166,-0.064017,0.492674,-0.672308
1764070212176,-0.098069,0.504653,-0.676588
1764070212186,-0.161756,0.476111,-0.668786
1764070212196,-0.208708,0.460745,-0.650722
1764070212206,-0.200187,0.434943,-0.644026
1764070212216,-0.149738,0.362344,-0.647944
1764070212226,-0.08613,0.262604,-0.636255
1764070212236,-0.011897,0.180576,-0.607966
1764070212246,0.054803,0.143331,-0.568639
1764070212256,0.088463,0.091778,-0.526396
1764070212266,0.116629,0.046327,-0.437646
1764070212276,0.11161,-0.046917,-0.357401
1764070212286,0.133171,-0.091609,-0.261582
1764070212296,0.145771,-0.182721,-0.24808
1764070212306,0.163682,-0.224918,-0.312639
1764070212316,0.209227,-0.200745,-0.296224
1764070212326,0.253775,-0.189645,-0.265728
1764070212336,0.275319,-0.19535,-0.257169
1764070212346,0.302528,-0.151352,-0.241026
1764070212356,0.335855,-0.084985,-0.257914
1764070212366,0.376721,-0.027737,-0.305621
1764070212376,0.428214,0.036917,-0.343405
1764070212386,0.461767,0.098619,-0.33021
1764070212396,0.469206,0.159736,-0.309697
1764070212406,0.482678,0.2008,-0.320751
1764070212416,0.483058,0.172328,-0.342129
1764070212426,0.468599,0.107207,-0.349455
1764070212436,0.445968,0.048819,-0.371926
1764070212446,0.407912,0.032149,-0.392682
1764070212456,0.358148,0.051023,-0.413861
1764070212466,0.321677,0.077003,-0.412735
1764070212476,0.307036,0.061744,-0.433272
1764070212486,0.298942,0.004184,-0.468419
1764070212496,0.262404,-0.032193,-0.467684
1764070212506,0.201291,-0.062854,-0.468872
1764070212516,0.123935,-0.072052,-0.484364
1764070212526,0.067792,-0.078514,-0.517732
1764070212536,0.040055,-0.098513,-0.538047
1764070212546,0.062066,-0.08154,-0.553504
1764070212556,0.11612,-0.055656,-0.551567
1764070212566,0.179762,-0.049622,-0.536754
1764070212576,0.248246,-0.005829,-0.529976
1764070212586,0.313412,0.043582,-0.544999
1764070212596,0.364998,0.057428,-0.575504
1764070212606,0.403112,0.06208,-0.59971
1764070212616,0.405725,0.088344,-0.616535
1764070212626,0.363809,0.113229,-0.616287
1764070212636,0.291354,0.126992,-0.612863
1764070212646,0.201242,0.142314,-0.643819
1764070212656,0.10777,0.142815,-0.707079
1764070212666,0.030114,0.121295,-0.741253
1764070212676,-0.036881,0.068428,-0.751611
1764070212685,-0.087131,0.024964,-0.760559
1764070212695,-0.122811,0.035624,-0.764838
1764070212705,-0.169759,0.076014,-0.76506
1764070212715,-0.216047,0.139364,-0.75742
1764070212725,-0.251281,0.184657,-0.748964
1764070212735,-0.283023,0.204055,-0.758284
1764070212745,-0.292043,0.204249,-0.770129
1764070212755,-0.27724,0.185539,-0.777888
1764070212765,-0.256283,0.138706,-0.790601
1764070212775,-0.243177,0.085914,-0.787854
1764070212785,-0.202035,0.070536,-0.785255
1764070212795,-0.123887,0.09129,-0.797699
1764070212805,-0.04766,0.099418,-0.830594
1764070212815,0.008739,0.082023,-0.881499
1764070212825,0.075989,0.061882,-0.933311
1764070212835,0.176163,0.042474,-0.990881
1764070212845,0.276945,-0.00949,-1.061459
1764070212855,0.329081,-0.068211,-1.099249
1764070212865,0.351262,-0.093618,-1.093289
1764070212875,0.364871,-0.086016,-1.052378
1764070212885,0.387001,-0.051634,-1.026057
1764070212895,0.412959,-0.013392,-1.020933
1764070212905,0.428679,-0.010767,-1.013791
1764070212915,0.437279,-0.038513,-1.030139
1764070212925,0.44219,-0.074595,-1.087028
1764070212935,0.446272,-0.134362,-1.169469
1764070212945,0.448929,-0.196767,-1.232929
1764070212955,0.426628,-0.244829,-1.281875
1764070212965,0.372164,-0.253902,-1.337005
1764070212975,0.303341,-0.22319,-1.368636
1764070212985,0.244139,-0.180141,-1.371876
1764070212995,0.175953,-0.202095,-1.347566
1764070213005,0.121297,-0.232087,-1.285262
1764070213015,0.102687,-0.207378,-1.204176
1764070213025,0.105648,-0.13946,-1.136134
1764070213035,0.116299,-0.095208,-1.131977
1764070213045,0.168368,-0.092021,-1.208674
1764070213055,0.245968,-0.122161,-1.289739
1764070213065,0.298312,-0.180041,-1.339311
1764070213075,0.308717,-0.226215,-1.37094
1764070213085,0.281367,-0.25439,-1.403419
1764070213095,0.216163,-0.245439,-1.466927
1764070213105,0.147853,-0.228634,-1.570329
1764070213115,0.093959,-0.261207,-1.685251
1764070213125,0.057564,-0.320819,-1.760331
1764070213135,0.039408,-0.347152,-1.79098
1764070213145,0.038834,-0.348796,-1.807583
1764070213155,0.028363,-0.384797,-1.808961
1764070213165,0.01184,-0.404618,-1.766546
1764070213175,-0.017014,-0.429209,-1.700885
1764070213185,-0.073413,-0.433979,-1.652159
1764070213195,-0.141577,-0.424181,-1.624258
1764070213205,-0.184142,-0.41326,-1.613434
1764070213215,-0.209187,-0.438438,-1.617804
1764070213225,-0.238215,-0.4453,-1.586966
1764070213235,-0.232643,-0.350075,-1.535774
1764070213245,-0.220911,-0.237585,-1.450043
1764070213255,-0.222675,-0.098113,-1.386581
1764070213265,-0.246565,-0.000278,-1.387338
1764070213275,-0.288154,0.029812,-1.389599
1764070213285,-0.352109,-0.021073,-1.360337
1764070213295,-0.413736,-0.128443,-1.273804
1764070213305,-0.460262,-0.226197,-1.152241
1764070213315,-0.463158,-0.267501,-1.028372
1764070213325,-0.417429,-0.217856,-0.939637
1764070213335,-0.361165,-0.218238,-0.854683
1764070213345,-0.251179,-0.195683,-0.801955
1764070213355,-0.131318,-0.214658,-0.780387
1764070213365,-0.036831,-0.342781,-0.813263
1764070213375,0.050673,-0.490999,-0.940665
1764070213385,0.157831,-0.474026,-1.145669
1764070213395,0.235317,-0.358424,-1.381736
1764070213405,0.268228,-0.196181,-1.558799
1764070213415,0.262343,-0.090661,-1.650544
1764070213425,0.233945,-0.144474,-1.605008
1764070213435,0.168522,-0.302405,-1.429984
1764070213445,0.076304,-0.446097,-1.219078
1764070213455,-0.000984,-0.441724,-1.036101
1764070213465,-0.059057,-0.34453,-0.910875
1764070213475,-0.07331,-0.235118,-0.841958
1764070213485,-0.060782,-0.18763,-0.827701
1764070213495,-0.023589,-0.257875,-0.873626
1764070213505,0.052756,-0.391718,-0.960354
1764070213515,0.128404,-0.507891,-0.998168
1764070213525,0.198483,-0.633055,-0.98258
1764070213535,0.204968,-0.682057,-0.921651
1764070213545,0.114314,-0.718817,-0.854132
1764070213555,-0.018135,-0.705121,-0.860307
1764070213565,-0.161048,-0.553029,-0.87648
1764070213575,-0.26425,-0.233191,-0.905493
1764070213585,-0.31338,0.175966,-0.890878
1764070213595,-0.391614,0.466265,-0.727551
1764070213605,-0.533165,0.685295,-0.452039
1764070213615,-0.7293,0.844532,-0.228836
1764070213625,-0.960154,0.948763,-0.166808
1764070213635,-1.148234,0.934352,-0.245022
1764070213645,-1.240471,0.885184,-0.415515
1764070213655,-1.203289,0.817296,-0.626148
1764070213665,-1.067459,0.773579,-0.839326
1764070213675,-0.886967,0.769291,-1.004899
1764070213685,-0.728273,0.790653,-1.079628
1764070213695,-0.614537,0.892589,-1.025486
1764070213705,-0.564855,1.029931,-0.853566
1764070213715,-0.536707,1.135489,-0.676248
1764070213725,-0.426042,1.170792,-0.590414
1764070213735,-0.225817,1.111362,-0.564396
1764070213745,0.020728,1.122243,-0.540898
1764070213755,0.262088,1.340535,-0.46493
1764070213765,0.422549,1.667868,-0.288829
1764070213775,0.166128,1.471595,-0.182497
1764070213785,-0.531512,1.012909,-0.369678
1764070213795,-1.14362,0.838008,-0.563343
1764070213805,-1.351026,0.73921,-0.625589
1764070213815,-1.336851,0.564576,-0.666007
1764070213825,-1.151908,0.343044,-0.809564
1764070213835,-0.831762,-0.113234,-0.959263
1764070213845,-0.472611,-0.687037,-1.04835
1764070213855,-0.098816,-1.270019,-1.081451
1764070213865,0.22281,-1.691742,-1.094966
1764070213875,0.452378,-1.760816,-1.060179
1764070213885,0.48971,-1.610809,-0.939893
1764070213894,0.384689,-1.36719,-0.774587
1764070213904,0.225019,-1.102192,-0.641588
1764070213914,0.050347,-0.877019,-0.61853
1764070213924,-0.075453,-0.762369,-0.738003
1764070213934,-0.131328,-0.839987,-0.911422
1764070213944,-0.16954,-0.895287,-1.023856
1764070213954,-0.180117,-0.991646,-1.066244
1764070213964,-0.095198,-1.069982,-1.01145
1764070213974,0.086931,-0.976524,-0.887745
1764070213984,0.273806,-0.799737,-0.789052
1764070213994,0.416079,-0.740975,-0.797714
1764070214004,0.48621,-0.737729,-0.84907
1764070214014,0.543293,-0.777857,-0.905543
1764070214024,0.652689,-0.994622,-0.966901
1764070214034,0.764065,-0.996829,-1.050689
1764070214044,0.761035,-0.770737,-1.125755
1764070214054,0.571736,-0.54056,-1.175645
1764070214064,0.290638,-0.408957,-1.175524
1764070214074,0.104876,-0.315263,-1.121097
1764070214084,0.119582,-0.247818,-1.064418
1764070214094,0.244486,-0.279695,-1.01991
1764070214104,0.35882,-0.305273,-0.954831
1764070214114,0.405957,-0.270356,-0.860566
1764070214124,0.374288,-0.288745,-0.769465
1764070214134,0.30278,-0.269651,-0.771118
1764070214144,0.231656,-0.235957,-0.877585
1764070214154,0.206555,-0.277375,-0.965617
1764070214164,0.242431,-0.271168,-1.054707
1764070214174,0.272553,-0.263236,-1.044176
1764070214184,0.218474,-0.264167,-0.990365
1764070214194,0.119545,-0.269145,-0.936559
1764070214204,0.039309,-0.2108,-0.922504
1764070214214,-0.019394,-0.126233,-0.902046
1764070214224,-0.070928,0.013383,-0.872608
1764070214234,-0.095701,0.175731,-0.846283
1764070214244,-0.097259,0.41819,-0.849454
1764070214254,-0.09883,0.740883,-0.884754
1764070214264,-0.092789,1.072634,-1.027225
1764070214274,0.014159,1.233211,-1.181276
1764070214284,0.257697,1.176688,-1.180403
1764070214294,0.563656,0.970522,-1.023769
1764070214304,0.841051,0.769998,-0.839923
1764070214314,0.959791,0.760047,-0.681863
1764070214324,0.871559,0.83324,-0.524691
1764070214334,0.654991,0.975817,-0.411527
1764070214344,0.400231,0.975775,-0.343432
1764070214354,0.15925,0.876026,-0.312132
1764070214364,-0.047003,0.672955,-0.358308
1764070214374,-0.146494,0.515354,-0.535357
1764070214384,-0.094026,0.581121,-0.768597
1764070214394,0.011643,0.761865,-0.935979
1764070214404,0.09449,0.877415,-1.008874
1764070214414,0.124132,0.96087,-1.040975
1764070214424,0.120098,1.035023,-1.060062
1764070214434,0.087322,1.049062,-1.063652
1764070214444,0.007388,1.014866,-1.052445
1764070214454,-0.125156,0.921535,-1.053977
1764070214464,-0.274033,0.753466,-1.121559
1764070214474,-0.39963,0.551187,-1.259009
1764070214484,-0.457441,0.456888,-1.425198
1764070214494,-0.404554,0.566287,-1.518655
1764070214504,-0.257216,0.909488,-1.490223
1764070214514,-0.079085,1.313442,-1.393015
1764070214524,0.068741,1.529592,-1.321508
1764070214534,0.16506,1.619993,-1.295573
1764070214544,0.201897,1.57119,-1.283079
1764070214554,0.175769,1.38709,-1.255036
1764070214564,0.114602,1.152682,-1.237792
1764070214574,0.047919,0.919336,-1.25642
1764070214584,0.012362,0.696464,-1.317564
1764070214594,0.020608,0.554161,-1.372785
1764070214604,0.063298,0.569462,-1.386527
1764070214614,0.122945,0.681626,-1.34005
1764070214624,0.142116,0.832071,-1.267941
1764070214634,0.100093,0.947317,-1.211433
1764070214644,0.022176,1.000726,-1.17787
1764070214654,-0.069348,0.959638,-1.153224
1764070214664,-0.133384,0.724073,-1.137906
1764070214674,-0.14986,0.391773,-1.123973
1764070214684,-0.136335,0.090249,-1.093711
1764070214694,-0.118988,-0.032214,-1.06361
1764070214704,-0.079395,-0.015379,-1.024088
1764070214714,0.00344,0.105115,-0.967551
1764070214724,0.115319,0.318396,-0.898821
1764070214734,0.231226,0.590949,-0.826582
1764070214744,0.313752,0.887866,-0.752379
1764070214754,0.363334,1.080946,-0.673486
1764070214764,0.367359,1.069623,-0.598655
1764070214774,0.278486,0.867384,-0.564096
1764070214784,0.058669,0.531903,-0.576207
1764070214794,-0.20063,0.177054,-0.591921
1764070214804,-0.404063,-0.117486,-0.617925
1764070214814,-0.480873,-0.301135,-0.69268
1764070214824,-0.423836,-0.358285,-0.812444
1764070214834,-0.309278,-0.358643,-0.873004
1764070214844,-0.178882,-0.334323,-0.829147
1764070214854,-0.059026,-0.360798,-0.698974
1764070214864,0.024271,-0.383126,-0.58086
1764070214874,0.110023,-0.346906,-0.542289
1764070214884,0.21512,-0.282215,-0.554258
1764070214894,0.293754,-0.277965,-0.566654
1764070214904,0.352725,-0.326039,-0.595817
1764070214914,0.421743,-0.439733,-0.649809
1764070214924,0.495435,-0.579889,-0.704298
1764070214934,0.526304,-0.679648,-0.756096
1764070214944,0.48105,-0.708566,-0.762908
1764070214954,0.397927,-0.644341,-0.737274
1764070214964,0.361275,-0.54552,-0.708578
1764070214974,0.334787,-0.443879,-0.670623
1764070214984,0.278852,-0.304554,-0.645928
1764070214994,0.196552,-0.104525,-0.708421
1764070215004,0.072019,0.069486,-0.845249
1764070215014,-0.029697,0.265902,-1.062771
1764070215024,-0.138224,0.441912,-1.17419
1764070215034,-0.085392,0.537956,-1.160359
1764070215044,0.128038,0.530698,-1.099014
1764070215054,0.336073,0.296813,-1.058195
1764070215064,0.387764,-0.063977,-1.037217
1764070215074,0.294766,-0.40687,-1.022438
1764070215083,0.094107,-0.61989,-1.000885
1764070215093,-0.081405,-0.701344,-0.981952
1764070215103,-0.114604,-0.710478,-0.958832
1764070215113,-0.05402,-0.609158,-0.905568
1764070215123,0.017511,-0.389061,-0.784702
1764070215133,0.070245,-0.226637,-0.639535
1764070215143,0.157595,-0.20628,-0.571488
1764070215153,0.251285,-0.218096,-0.607984
1764070215163,0.26941,-0.35307,-0.700011
1764070215173,0.208792,-0.591077,-0.811428
1764070215183,0.139149,-0.782168,-0.926636
1764070215193,0.130745,-0.922904,-1.017953
1764070215203,0.188352,-1.035833,-1.073365
1764070215213,0.273704,-1.058063,-1.089732
1764070215223,0.316868,-0.843127,-1.034463
1764070215233,0.291305,-0.553653,-0.849981
1764070215243,0.199868,-0.251146,-0.629583
1764070215253,0.081392,-0.039654,-0.467473
1764070215263,-0.009082,0.049051,-0.42255
1764070215273,-0.029055,-0.031616,-0.484136
1764070215283,0.09159,-0.287055,-0.600809
1764070215293,0.325279,-0.631334,-0.761721
1764070215303,0.51175,-0.891473,-0.910625
1764070215313,0.533555,-0.96625,-0.981258
1764070215323,0.387782,-0.856202,-0.954777
1764070215333,0.12559,-0.618682,-0.881733
1764070215343,-0.106083,-0.372459,-0.832701
1764070215353,-0.208066,-0.214743,-0.810915
1764070215363,-0.177637,-0.179536,-0.819837
1764070215373,-0.089943,-0.220335,-0.84333
1764070215383,0.001164,-0.289903,-0.888122
1764070215393,0.036202,-0.365295,-0.914822
1764070215403,0.006703,-0.374408,-0.875894
1764070215413,-0.086689,-0.309397,-0.789539
1764070215423,-0.152764,-0.218203,-0.678796
1764070215433,-0.152322,-0.107222,-0.555159
1764070215443,-0.098425,-0.010071,-0.421279
1764070215453,-0.043482,0.057599,-0.312452
1764070215463,-0.025726,0.088575,-0.257881
1764070215473,-0.049875,0.057496,-0.243071
1764070215483,-0.080345,-0.014051,-0.259211
1764070215493,-0.109628,-0.09897,-0.292001
1764070215503,-0.145452,-0.108946,-0.329317
1764070215513,-0.175035,-0.029717,-0.328638
1764070215523,-0.184301,0.105853,-0.305263
1764070215533,-0.15684,0.274884,-0.291655
1764070215543,-0.106896,0.395482,-0.308971
1764070215553,-0.067396,0.449891,-0.359316
1764070215563,-0.068095,0.412537,-0.419615
1764070215573,-0.085538,0.316999,-0.448586
1764070215583,-0.08438,0.170365,-0.439168
1764070215593,-0.045087,-0.046575,-0.434075
1764070215603,0.035428,-0.216934,-0.462469
1764070215613,0.111241,-0.287546,-0.503169
1764070215623,0.16539,-0.277754,-0.542876
1764070215633,0.183926,-0.22034,-0.551563
1764070215643,0.183013,-0.081686,-0.545686
1764070215653,0.156123,0.092647,-0.529885
1764070215663,0.128377,0.218456,-0.489576
1764070215673,0.092161,0.272227,-0.434324
1764070215683,0.048394,0.302377,-0.366747
1764070215693,0.009777,0.305232,-0.29492
1764070215703,0.001846,0.231961,-0.243162
1764070215713,0.024144,0.096985,-0.216602
1764070215723,0.074051,0.016773,-0.190432
1764070215733,0.136033,0.037778,-0.182774
1764070215743,0.17298,0.047818,-0.17272
1764070215753,0.174058,0.0579,-0.178148
1764070215763,0.158306,0.087012,-0.19917
1764070215773,0.148276,0.075321,-0.227331
1764070215783,0.177246,0.031399,-0.260284
1764070215793,0.229109,0.004297,-0.283075
1764070215803,0.263307,0.013273,-0.286483
1764070215813,0.277043,0.06889,-0.280543
1764070215823,0.265914,0.162523,-0.273978
1764070215833,0.243879,0.225504,-0.251271
1764070215843,0.219234,0.234054,-0.226565
1764070215853,0.193352,0.181333,-0.20106
1764070215863,0.170766,0.116868,-0.174603
1764070215873,0.142254,0.070497,-0.153707
1764070215883,0.11354,0.042013,-0.127927
1764070215893,0.086202,0.043801,-0.106156
1764070215903,0.04751,0.071444,-0.098591
1764070215913,-0.012036,0.056613,-0.103867
1764070215923,-0.057152,0.046083,-0.115017
1764070215933,-0.07653,0.070939,-0.117968
1764070215943,-0.088449,0.124096,-0.121525
1764070215953,-0.100244,0.163538,-0.116473
1764070215963,-0.113784,0.170741,-0.123624
1764070215973,-0.12151,0.147291,-0.108117
1764070215983,-0.109975,0.125603,-0.078148
1764070215993,-0.083161,0.114858,-0.037644
1764070216003,-0.073601,0.106614,-0.010928
1764070216013,-0.073064,0.090991,-0.013154
1764070216023,-0.071326,0.069786,-0.035864
1764070216033,-0.080239,0.035604,-0.069729
1764070216043,-0.091142,-0.002603,-0.075716
1764070216053,-0.087956,0.033888,-0.069331
1764070216063,-0.083164,0.100314,-0.030417
1764070216073,-0.076975,0.131593,0.009131
1764070216083,-0.083636,0.123004,0.023653
1764070216093,-0.117024,0.100456,0.022779
1764070216103,-0.154777,0.065074,0.022241
1764070216113,-0.166081,0.047093,0.029519
1764070216123,-0.164031,0.055214,0.045088
1764070216133,-0.167754,0.06531,0.062457
1764070216143,-0.177287,0.069859,0.059673
1764070216153,-0.184066,0.065907,0.050546
1764070216163,-0.176344,0.05949,0.061557
1764070216173,-0.153772,0.029033,0.069927
1764070216183,-0.14349,-0.059386,0.069667
1764070216193,-0.140845,-0.12861,0.074807
1764070216203,-0.131711,-0.142135,0.091504
1764070216213,-0.121579,-0.100644,0.115856
1764070216223,-0.112133,-0.057039,0.138949
1764070216233,-0.09354,-0.04129,0.146228
1764070216243,-0.085266,-0.0486,0.144471
1764070216253,-0.088216,-0.064215,0.137081
1764070216263,-0.087804,-0.095516,0.133452
1764070216272,-0.079916,-0.128877,0.135538
1764070216282,-0.072479,-0.166689,0.139802
1764070216292,-0.071249,-0.134147,0.154754
1764070216302,-0.068838,-0.044727,0.166754
1764070216312,-0.067292,0.016567,0.17034
1764070216322,-0.07265,0.028687,0.155395
1764070216332,-0.071129,0.010086,0.137138
1764070216342,-0.073197,-0.007783,0.125469
1764070216352,-0.080935,-0.009472,0.12034
1764070216362,-0.084172,0.02187,0.138769
1764070216372,-0.066411,0.044781,0.147738
1764070216382,-0.031874,0.018437,0.138951
1764070216392,0.00077,-0.03786,0.119664
1764070216402,0.027034,-0.091026,0.102114
1764070216412,0.058097,-0.112588,0.090461
1764070216422,0.091589,-0.105726,0.084799
1764070216432,0.113285,-0.088062,0.079893
1764070216442,0.124909,-0.077836,0.066106
1764070216452,0.136316,-0.054865,0.058926
1764070216462,0.142899,-0.033946,0.042742
1764070216472,0.14263,-0.025298,0.022404
1764070216482,0.135465,-0.026922,0.004001
1764070216492,0.130136,-0.021906,0.000389
1764070216502,0.124895,-0.00996,0.003858
1764070216512,0.112998,-0.00255,0.007888
1764070216522,0.10489,-0.019167,0.016241
1764070216532,0.091839,-0.027557,0.026635
1764070216542,0.061956,-0.033398,0.048493
1764070216552,0.029217,-0.031573,0.064511
1764070216562,0.012792,-0.043631,0.071181
1764070216572,0.008489,-0.054781,0.068324
1764070216582,0.000962,-0.042376,0.058539
1764070216592,-0.004564,0.013643,0.044727
1764070216602,-0.037401,0.056277,0.030398
1764070216612,-0.072078,0.082163,0.035873
1764070216622,-0.076861,0.106674,0.036556
1764070216632,-0.070625,0.096823,0.033911
1764070216642,-0.065677,0.077909,0.016887
1764070216652,-0.064032,0.036185,0.007558
1764070216662,-0.050361,-0.019886,0.000098
1764070216672,-0.023233,-0.046439,-0.016382
1764070216682,-0.00223,-0.071554,-0.026032
1764070216692,0.013888,-0.0789,-0.02965
1764070216702,0.026545,-0.075955,-0.030912
1764070216712,0.04456,-0.075105,-0.030295
1764070216722,0.059878,-0.055406,-0.037802
1764070216732,0.067026,-0.036563,-0.048346
1764070216742,0.057141,-0.055407,-0.063386
1764070216752,0.048227,-0.063056,-0.075438
1764070216762,0.048383,-0.04176,-0.063758
1764070216772,0.053136,-0.017771,-0.041952
1764070216782,0.041982,-0.002484,-0.025371
1764070216792,0.030613,0.00227,-0.01446
1764070216802,0.018207,-0.023045,-0.005752
1764070216812,0.001192,-0.040125,0.000964
1764070216822,-0.0155,-0.031091,0.008036
1764070216832,-0.040269,-0.013767,0.015292
1764070216842,-0.064613,0.009085,0.009364
1764070216852,-0.089021,0.040968,0.00875
1764070216862,-0.098688,0.048433,0.009297
1764070216872,-0.088582,0.030013,0.001995
1764070216882,-0.064671,0.015301,-0.0006
1764070216892,-0.032417,0.018638,0.004027
1764070216902,0.163365,0.000653,0.018845
1764070216912,0.207509,-0.036142,0.013401
1764070216922,0.060136,-0.068346,-0.018954
1764070216932,-0.07532,-0.053483,-0.036202
1764070216942,-0.106072,-0.021957,-0.036272
1764070216952,-0.110399,0.015282,-0.013222
1764070216962,-0.122858,0.074412,0.011206
1764070216972,-0.116856,0.122981,0.027164
1764070216982,-0.066541,0.125624,0.032228
1764070216992,-0.001096,0.089998,0.027779
